2015-04-20,81,LAKE CREST CHEVRON,http://www.jcdh.org/EH/FnL/FnL04.aspx?PermitNbr=14174&InspNbr=32,14174,32
2015-04-21,84,SHARKS FISH & CHICKEN,http://www.jcdh.org/EH/FnL/FnL04.aspx?PermitNbr=17726&InspNbr=37,17726,37
2015-04-22,83,BURGER KING @ WalMart #762,http://www.jcdh.org/EH/FnL/FnL04.aspx?PermitNbr=21102&InspNbr=5,21102,5
2015-04-23,79,SONIC MONTCLAIR DRIVE IN,http://www.jcdh.org/EH/FnL/FnL04.aspx?PermitNbr=11253&InspNbr=33,11253,33
2015-04-23,80,SLICE,http://www.jcdh.org/EH/FnL/FnL04.aspx?PermitNbr=19293&InspNbr=27,19293,27
2015-04-24,79,CHICK-FIL-A 5 POINTS IN-LINE,http://www.jcdh.org/EH/FnL/FnL04.aspx?PermitNbr=21376&InspNbr=1,21376,1
2015-04-28,81,JESSIES STEAKS & SEAFOOD,http://www.jcdh.org/EH/FnL/FnL04.aspx?PermitNbr=20342&InspNbr=17,20342,17
2015-05-04,77,WAFFLE HOUSE #1939,http://www.jcdh.org/EH/FnL/FnL04.aspx?PermitNbr=19576&InspNbr=23,19576,23
2015-04-28,81,FLIP BURGER BOUTIQUE,http://www.jcdh.org/EH/FnL/FnL04.aspx?PermitNbr=18587&InspNbr=28,18587,28
2015-05-07,81,PATTYS LUNCHBOX,http://www.jcdh.org/EH/FnL/FnL04.aspx?PermitNbr=21268&InspNbr=6,21268,6
2015-04-29,83,MI PUEBLO SUPERMARKET-DELI/BAKERY,http://www.jcdh.org/EH/FnL/FnL04.aspx?PermitNbr=20986&InspNbr=8,20986,8
2015-05-07,72,IHOP #4418,http://www.jcdh.org/EH/FnL/FnL04.aspx?PermitNbr=9356&InspNbr=51,9356,51
2015-05-11,83,EL TACO LOCO,http://www.jcdh.org/EH/FnL/FnL04.aspx?PermitNbr=18888&InspNbr=35,18888,35
2015-05-12,78,COCINA SUPERIOR,http://www.jcdh.org/EH/FnL/FnL04.aspx?PermitNbr=16388&InspNbr=49,16388,49
2015-05-13,84,MCDONALDS NORWOOD #42,http://www.jcdh.org/EH/FnL/FnL04.aspx?PermitNbr=7628&InspNbr=40,7628,40
2015-05-18,80,Landing Strip Bar & Grill- Clarion,http://www.jcdh.org/EH/FnL/FnL04.aspx?PermitNbr=19294&InspNbr=22,19294,22
2015-05-19,81,PURPLE ONION,http://www.jcdh.org/EH/FnL/FnL04.aspx?PermitNbr=9711&InspNbr=30,9711,30
2015-05-19,80,ORGANIC HARVEST CAFE,http://www.jcdh.org/EH/FnL/FnL04.aspx?PermitNbr=21386&InspNbr=2,21386,2
2015-05-29,84,DODIYOS RESTAURANT,http://www.jcdh.org/EH/FnL/FnL04.aspx?PermitNbr=18539&InspNbr=27,18539,27
2015-06-01,82,RALLYS #4183,http://www.jcdh.org/EH/FnL/FnL04.aspx?PermitNbr=18295&InspNbr=27,18295,27
2015-06-02,84,MCDONALDS #10666,http://www.jcdh.org/EH/FnL/FnL04.aspx?PermitNbr=20519&InspNbr=11,20519,11
2015-06-04,82,PACIFIC RIM Sushi,http://www.jcdh.org/EH/FnL/FnL04.aspx?PermitNbr=18209&InspNbr=31,18209,31
2015-06-08,81,IRONDALE CHEVRON / Krispy Krunchy Chicken,http://www.jcdh.org/EH/FnL/FnL04.aspx?PermitNbr=18660&InspNbr=25,18660,25
2015-06-08,84,J WINGS,http://www.jcdh.org/EH/FnL/FnL04.aspx?PermitNbr=21122&InspNbr=5,21122,5
2015-06-15,76,Ryans Family Steakhouse # 2462,http://www.jcdh.org/EH/FnL/FnL04.aspx?PermitNbr=14382&InspNbr=54,14382,54
2015-06-22,52,PABLOS MEXICAN RESTAURANT,http://www.jcdh.org/EH/FnL/FnL04.aspx?PermitNbr=10943&InspNbr=39,10943,39
2015-06-25,81,PABLOS MEXICAN RESTAURANT,http://www.jcdh.org/EH/FnL/FnL04.aspx?PermitNbr=10943&InspNbr=40,10943,40
2015-06-24,53,CARNATION BUFFET,http://www.jcdh.org/EH/FnL/FnL04.aspx?PermitNbr=19533&InspNbr=24,19533,24
2015-06-29,70,CARNATION BUFFET,http://www.jcdh.org/EH/FnL/FnL04.aspx?PermitNbr=19533&InspNbr=25,19533,25
2015-06-30,70,IHOP #4418,http://www.jcdh.org/EH/FnL/FnL04.aspx?PermitNbr=9356&InspNbr=54,9356,54
2015-06-24,74,HOOTERS OF TRUSSVILLE,http://www.jcdh.org/EH/FnL/FnL04.aspx?PermitNbr=15842&InspNbr=52,15842,52
2015-06-25,76,WAFFLE HOUSE 1033,http://www.jcdh.org/EH/FnL/FnL04.aspx?PermitNbr=18728&InspNbr=46,18728,46
2015-06-30,81,MI PUEBLO SUPERMARKET-MEAT DEPARMENT,http://www.jcdh.org/EH/FnL/FnL04.aspx?PermitNbr=20989&InspNbr=6,20989,6
2015-07-08,84,JIM N NICKS - SHUTTLESWORTH INTL AIRPORT,http://www.jcdh.org/EH/FnL/FnL04.aspx?PermitNbr=20151&InspNbr=23,20151,23
2015-07-02,78,GOLDEN CORRAL,http://www.jcdh.org/EH/FnL/FnL04.aspx?PermitNbr=17689&InspNbr=44,17689,44
2015-07-09,80,WARRIOR CHEVRON,http://www.jcdh.org/EH/FnL/FnL04.aspx?PermitNbr=17692&InspNbr=24,17692,24
2015-07-09,80,VALLEY MART,http://www.jcdh.org/EH/FnL/FnL04.aspx?PermitNbr=17953&InspNbr=38,17953,38
2015-07-09,73,MCWANE SCIENCE CENTER,http://www.jcdh.org/EH/FnL/FnL04.aspx?PermitNbr=16682&InspNbr=48,16682,48
2015-07-13,83,MAKI FRESH,http://www.jcdh.org/EH/FnL/FnL04.aspx?PermitNbr=20736&InspNbr=14,20736,14
2015-07-15,68,BIRMINGHAM CITY JAIL,http://www.jcdh.org/EH/FnL/FnL04.aspx?PermitNbr=1189&InspNbr=29,1189,29
2015-07-15,76,PIZZA HUT #1107,http://www.jcdh.org/EH/FnL/FnL04.aspx?PermitNbr=8646&InspNbr=38,8646,38
2015-07-13,80,ANGEL SMKT DBA SALAMONE GROC,http://www.jcdh.org/EH/FnL/FnL04.aspx?PermitNbr=7792&InspNbr=38,7792,38
2015-07-13,83,NANCYS DINER,http://www.jcdh.org/EH/FnL/FnL04.aspx?PermitNbr=11220&InspNbr=36,11220,36
2015-07-17,83,CHILD ENRICHMENT CENTER,http://www.jcdh.org/EH/FnL/FnL04.aspx?PermitNbr=10407&InspNbr=34,10407,34
2015-07-15,78,HOLIDAY INN-HOMEWOOD KEMS RESTAURANT,http://www.jcdh.org/EH/FnL/FnL04.aspx?PermitNbr=21264&InspNbr=2,21264,2
2015-07-16,80,ZAXBYS,http://www.jcdh.org/EH/FnL/FnL04.aspx?PermitNbr=18892&InspNbr=29,18892,29
2015-07-16,72,TENTH AVENUE DELI,http://www.jcdh.org/EH/FnL/FnL04.aspx?PermitNbr=16658&InspNbr=36,16658,36
2015-07-22,84,CHILIS GRILL & BAR # 701,http://www.jcdh.org/EH/FnL/FnL04.aspx?PermitNbr=14758&InspNbr=38,14758,38
2015-07-23,71,SALVATORES PIZZA & PASTA,http://www.jcdh.org/EH/FnL/FnL04.aspx?PermitNbr=19869&InspNbr=25,19869,25
2015-07-23,68,LISAS KITCHEN,http://www.jcdh.org/EH/FnL/FnL04.aspx?PermitNbr=19526&InspNbr=17,19526,17
2015-07-27,78,LISAS KITCHEN,http://www.jcdh.org/EH/FnL/FnL04.aspx?PermitNbr=19526&InspNbr=18,19526,18
2015-07-29,79,WINEWOOD SHELL,http://www.jcdh.org/EH/FnL/FnL04.aspx?PermitNbr=20054&InspNbr=6,20054,6
2015-07-31,76,BRITOS SUPERMARKET #3 - BAKERY,http://www.jcdh.org/EH/FnL/FnL04.aspx?PermitNbr=20242&InspNbr=10,20242,10
2015-08-04,83,CONTINENTAL BAKERY / CHEZ LULU,http://www.jcdh.org/EH/FnL/FnL04.aspx?PermitNbr=1762&InspNbr=38,1762,38
2015-08-04,82,MORRIS CHEVRON,http://www.jcdh.org/EH/FnL/FnL04.aspx?PermitNbr=21265&InspNbr=2,21265,2
2015-08-12,80,HOOD QUIK MART,http://www.jcdh.org/EH/FnL/FnL04.aspx?PermitNbr=20155&InspNbr=23,20155,23
2015-08-13,83,ST VINCENTS EAST CAFETERIA,http://www.jcdh.org/EH/FnL/FnL04.aspx?PermitNbr=19762&InspNbr=28,19762,28
2015-08-21,84,QUIK MART (SHELL),http://www.jcdh.org/EH/FnL/FnL04.aspx?PermitNbr=17675&InspNbr=24,17675,24
2015-08-21,78,Fuego Cantina,http://www.jcdh.org/EH/FnL/FnL04.aspx?PermitNbr=16337&InspNbr=35,16337,35
2015-08-19,73,DODIYOS RESTAURANT,http://www.jcdh.org/EH/FnL/FnL04.aspx?PermitNbr=18539&InspNbr=28,18539,28
2015-08-24,81,BLUFF PARK DINER,http://www.jcdh.org/EH/FnL/FnL04.aspx?PermitNbr=17098&InspNbr=24,17098,24
2015-08-26,82,APPLE DUMPLING BAR,http://www.jcdh.org/EH/FnL/FnL04.aspx?PermitNbr=20692&InspNbr=9,20692,9
2015-08-27,81,T-MOBILE CALL CENTER,http://www.jcdh.org/EH/FnL/FnL04.aspx?PermitNbr=21216&InspNbr=5,21216,5
2015-08-21,74,COSTAS MEDITERRANEAN CAFE,http://www.jcdh.org/EH/FnL/FnL04.aspx?PermitNbr=16751&InspNbr=47,16751,47
2015-08-21,81,CARSON VILLAGE DAY CARE,http://www.jcdh.org/EH/FnL/FnL04.aspx?PermitNbr=2993&InspNbr=43,2993,43
2015-08-24,73,BRITOS SUPERMARKET #3 - DELI,http://www.jcdh.org/EH/FnL/FnL04.aspx?PermitNbr=19398&InspNbr=24,19398,24
2015-08-26,71,LA CATRINA MEXICAN CANTINA HOMEWOOD,http://www.jcdh.org/EH/FnL/FnL04.aspx?PermitNbr=20609&InspNbr=28,20609,28
2015-08-26,76,CHERRY AVENUE CITGO,http://www.jcdh.org/EH/FnL/FnL04.aspx?PermitNbr=21161&InspNbr=4,21161,4
2015-09-01,75,HOT SPOT,http://www.jcdh.org/EH/FnL/FnL04.aspx?PermitNbr=21140&InspNbr=7,21140,7
2015-08-25,81,BOSTON FISH SUPREME BUFFALO WING EXPRESS,http://www.jcdh.org/EH/FnL/FnL04.aspx?PermitNbr=20782&InspNbr=8,20782,8
2015-08-28,70,EAST BUFFET,http://www.jcdh.org/EH/FnL/FnL04.aspx?PermitNbr=18195&InspNbr=43,18195,43
2015-09-09,83,IHOP #4418,http://www.jcdh.org/EH/FnL/FnL04.aspx?PermitNbr=9356&InspNbr=56,9356,56
2015-09-24,81,BIG DADDYS BAR-B-Q,http://www.jcdh.org/EH/FnL/FnL04.aspx?PermitNbr=16856&InspNbr=39,16856,39
2015-09-24,81,PTs GRILL & PUB,http://www.jcdh.org/EH/FnL/FnL04.aspx?PermitNbr=21157&InspNbr=11,21157,11
2015-09-28,80,SAN MIGUEL MEXICAN RESTAURANT,http://www.jcdh.org/EH/FnL/FnL04.aspx?PermitNbr=18686&InspNbr=27,18686,27
2015-09-29,81,TRIPLE M FOOD STORE,http://www.jcdh.org/EH/FnL/FnL04.aspx?PermitNbr=18937&InspNbr=29,18937,29
2015-10-07,80,RALLYS #4187,http://www.jcdh.org/EH/FnL/FnL04.aspx?PermitNbr=18275&InspNbr=43,18275,43
2015-10-09,84,KRISPY KREME DOUGHNUT CORPORATION,http://www.jcdh.org/EH/FnL/FnL04.aspx?PermitNbr=21106&InspNbr=5,21106,5
2015-10-16,84,"ABC DAYCARE & KINDERGARTEN,INC",http://www.jcdh.org/EH/FnL/FnL04.aspx?PermitNbr=3014&InspNbr=34,3014,34
2015-10-20,82,SONIC DRIVE-IN,http://www.jcdh.org/EH/FnL/FnL04.aspx?PermitNbr=13526&InspNbr=47,13526,47
2015-10-21,81,JIM N NICKS - SHUTTLESWORTH INTL AIRPORT,http://www.jcdh.org/EH/FnL/FnL04.aspx?PermitNbr=20151&InspNbr=27,20151,27
2015-10-27,70,Hyatt Regency- WYNFREY HOTEL: RESTAURANT KITCHEN,http://www.jcdh.org/EH/FnL/FnL04.aspx?PermitNbr=6352&InspNbr=39,6352,39
2015-10-26,83,GOLF COURSE CHEVRON,http://www.jcdh.org/EH/FnL/FnL04.aspx?PermitNbr=21777&InspNbr=2,21777,2
2015-10-27,82,DAYLIGHT DONUTS,http://www.jcdh.org/EH/FnL/FnL04.aspx?PermitNbr=21322&InspNbr=4,21322,4
2015-10-28,80,JIM N NICKS,http://www.jcdh.org/EH/FnL/FnL04.aspx?PermitNbr=5404&InspNbr=39,5404,39
2015-10-29,82,SALVATORES PIZZA & PASTA,http://www.jcdh.org/EH/FnL/FnL04.aspx?PermitNbr=19479&InspNbr=18,19479,18
2015-11-02,83,THE SHACK,http://www.jcdh.org/EH/FnL/FnL04.aspx?PermitNbr=21465&InspNbr=5,21465,5
2015-11-02,74,SOUTHWEST SUPERMARKET,http://www.jcdh.org/EH/FnL/FnL04.aspx?PermitNbr=17858&InspNbr=19,17858,19
2015-11-04,83,RIME HOTEL / MAGNOLIA GRILLE,http://www.jcdh.org/EH/FnL/FnL04.aspx?PermitNbr=9624&InspNbr=36,9624,36
2015-11-03,81,THE RIDGE EAT & DRINK,http://www.jcdh.org/EH/FnL/FnL04.aspx?PermitNbr=19575&InspNbr=13,19575,13
2015-10-28,77,LA CATRINA MEXICAN CANTINA HOMEWOOD,http://www.jcdh.org/EH/FnL/FnL04.aspx?PermitNbr=20609&InspNbr=32,20609,32
2015-11-05,62,MCDONALDS #2090,http://www.jcdh.org/EH/FnL/FnL04.aspx?PermitNbr=20527&InspNbr=9,20527,9
2015-11-09,75,K & N FOODMART,http://www.jcdh.org/EH/FnL/FnL04.aspx?PermitNbr=21547&InspNbr=1,21547,1
2015-11-09,82,TAIPEI 101  SUSHI & ASIAN BISTRO,http://www.jcdh.org/EH/FnL/FnL04.aspx?PermitNbr=19656&InspNbr=21,19656,21
2015-11-04,75,YOGURT DREAM,http://www.jcdh.org/EH/FnL/FnL04.aspx?PermitNbr=21271&InspNbr=6,21271,6
2015-11-12,82,HAMPTON INN    The Pantry,http://www.jcdh.org/EH/FnL/FnL04.aspx?PermitNbr=18188&InspNbr=13,18188,13
2015-11-17,76,WAFFLE HOUSE 208,http://www.jcdh.org/EH/FnL/FnL04.aspx?PermitNbr=18726&InspNbr=55,18726,55
2015-11-17,77,WENDYS,http://www.jcdh.org/EH/FnL/FnL04.aspx?PermitNbr=14390&InspNbr=58,14390,58
2015-12-03,76,SUSHI VILLAGE,http://www.jcdh.org/EH/FnL/FnL04.aspx?PermitNbr=20133&InspNbr=22,20133,22
2015-12-07,79,LOGANS ROADHOUSE,http://www.jcdh.org/EH/FnL/FnL04.aspx?PermitNbr=9560&InspNbr=72,9560,72
2015-12-09,74,CARNATION BUFFET,http://www.jcdh.org/EH/FnL/FnL04.aspx?PermitNbr=19533&InspNbr=28,19533,28
2015-12-11,80,DARMOND CATERING @ Chefs Workshop,http://www.jcdh.org/EH/FnL/FnL04.aspx?PermitNbr=21570&InspNbr=3,21570,3
2015-12-14,82,WINGS PLUS #3,http://www.jcdh.org/EH/FnL/FnL04.aspx?PermitNbr=17086&InspNbr=35,17086,35
2015-12-15,84,ALEXANDERS,http://www.jcdh.org/EH/FnL/FnL04.aspx?PermitNbr=20976&InspNbr=10,20976,10
2015-12-22,80,BESSEMER FOOD MART,http://www.jcdh.org/EH/FnL/FnL04.aspx?PermitNbr=20541&InspNbr=15,20541,15
2015-12-30,77,MCDONALDS,http://www.jcdh.org/EH/FnL/FnL04.aspx?PermitNbr=20824&InspNbr=13,20824,13
2015-12-31,77,COMFORT INN,http://www.jcdh.org/EH/FnL/FnL04.aspx?PermitNbr=18984&InspNbr=17,18984,17
2015-12-31,81,LITTLE CAESARS #11,http://www.jcdh.org/EH/FnL/FnL04.aspx?PermitNbr=16180&InspNbr=45,16180,45
2016-01-04,63,LOGANS ROADHOUSE,http://www.jcdh.org/EH/FnL/FnL04.aspx?PermitNbr=9560&InspNbr=76,9560,76
2016-01-13,84,PARADISE BIRYANI POINTE,http://www.jcdh.org/EH/FnL/FnL04.aspx?PermitNbr=21661&InspNbr=3,21661,3
2016-01-19,81,CAFE CASTILLO,http://www.jcdh.org/EH/FnL/FnL04.aspx?PermitNbr=19032&InspNbr=15,19032,15
2016-01-20,83,CHUYS,http://www.jcdh.org/EH/FnL/FnL04.aspx?PermitNbr=18891&InspNbr=21,18891,21
2016-01-21,81,JIM N NICKS,http://www.jcdh.org/EH/FnL/FnL04.aspx?PermitNbr=5404&InspNbr=42,5404,42
2016-01-22,76,MCDONALDS #8245,http://www.jcdh.org/EH/FnL/FnL04.aspx?PermitNbr=21196&InspNbr=5,21196,5
2016-01-20,82,MI PUEBLO SUPERMARKET-DELI/BAKERY,http://www.jcdh.org/EH/FnL/FnL04.aspx?PermitNbr=20986&InspNbr=10,20986,10
2016-01-28,81,SOUTHERN LEGACY BBQ,http://www.jcdh.org/EH/FnL/FnL04.aspx?PermitNbr=19525&InspNbr=23,19525,23
2016-02-01,82,THE GREAT WALL CHINESE RESTAURANT,http://www.jcdh.org/EH/FnL/FnL04.aspx?PermitNbr=20798&InspNbr=17,20798,17
2016-02-01,83,STIX RESTAURANT,http://www.jcdh.org/EH/FnL/FnL04.aspx?PermitNbr=17645&InspNbr=39,17645,39
2016-02-02,83,SALVATORES PIZZA & PASTA,http://www.jcdh.org/EH/FnL/FnL04.aspx?PermitNbr=19479&InspNbr=20,19479,20
2016-02-01,84,GRANTS MILL GOURMET,http://www.jcdh.org/EH/FnL/FnL04.aspx?PermitNbr=21149&InspNbr=8,21149,8
2016-02-08,79,WINGS R KING,http://www.jcdh.org/EH/FnL/FnL04.aspx?PermitNbr=19216&InspNbr=29,19216,29
2016-02-11,82,"MAKI FRESH, LLC",http://www.jcdh.org/EH/FnL/FnL04.aspx?PermitNbr=18014&InspNbr=61,18014,61
2016-02-16,81,FOOD SMART MM & SEAFOOD,http://www.jcdh.org/EH/FnL/FnL04.aspx?PermitNbr=6664&InspNbr=41,6664,41
2016-02-18,61,BARGAIN BUTCHER,http://www.jcdh.org/EH/FnL/FnL04.aspx?PermitNbr=21168&InspNbr=7,21168,7
2016-02-24,73,CARNATION BUFFET,http://www.jcdh.org/EH/FnL/FnL04.aspx?PermitNbr=19533&InspNbr=30,19533,30
2016-02-22,84,BARGAIN BUTCHER,http://www.jcdh.org/EH/FnL/FnL04.aspx?PermitNbr=21168&InspNbr=8,21168,8
2016-02-23,80,FULTONDALE CHEVRON,http://www.jcdh.org/EH/FnL/FnL04.aspx?PermitNbr=16669&InspNbr=41,16669,41
2016-02-25,80,PIZZA HUT #1107,http://www.jcdh.org/EH/FnL/FnL04.aspx?PermitNbr=8646&InspNbr=40,8646,40
2016-02-29,84,UAB Hospital NORTH PAVILION FOOD COURT,http://www.jcdh.org/EH/FnL/FnL04.aspx?PermitNbr=21337&InspNbr=7,21337,7
2016-02-29,79,DOMINOS PIZZA #5384,http://www.jcdh.org/EH/FnL/FnL04.aspx?PermitNbr=21381&InspNbr=8,21381,8
2016-03-01,78,WAFFLE HOUSE #724,http://www.jcdh.org/EH/FnL/FnL04.aspx?PermitNbr=18720&InspNbr=52,18720,52
2016-03-01,82,Ryans Family Steakhouse # 2462,http://www.jcdh.org/EH/FnL/FnL04.aspx?PermitNbr=14382&InspNbr=62,14382,62
2017-01-31,83,COCINA SUPERIOR,http://www.jcdh.org/EH/FnL/FnL04.aspx?PermitNbr=16388&InspNbr=65,16388,65
2017-02-02,74,BESSEMER AIRPORT BAR AND GRILL,http://www.jcdh.org/EH/FnL/FnL04.aspx?PermitNbr=21676&InspNbr=7,21676,7
2017-02-07,81,BISTRO V,http://www.jcdh.org/EH/FnL/FnL04.aspx?PermitNbr=18734&InspNbr=41,18734,41
2017-02-09,83,BROOKDALE PLACE,http://www.jcdh.org/EH/FnL/FnL04.aspx?PermitNbr=10216&InspNbr=47,10216,47
2017-02-03,82,SUBWAY #34716,http://www.jcdh.org/EH/FnL/FnL04.aspx?PermitNbr=18359&InspNbr=25,18359,25
2017-02-09,84,BESSEMER ROAD FOOD MART JET PEP #434,http://www.jcdh.org/EH/FnL/FnL04.aspx?PermitNbr=16235&InspNbr=27,16235,27
2017-02-14,84,ROCKIN RHONDAS,http://www.jcdh.org/EH/FnL/FnL04.aspx?PermitNbr=22415&InspNbr=4,22415,4
2017-02-14,83,SHEZA FOOD MART,http://www.jcdh.org/EH/FnL/FnL04.aspx?PermitNbr=21887&InspNbr=6,21887,6
2017-02-16,84,FULL MOON BBQ,http://www.jcdh.org/EH/FnL/FnL04.aspx?PermitNbr=13726&InspNbr=39,13726,39
2017-02-21,78,ANOTHER BROKEN EGG CAFE,http://www.jcdh.org/EH/FnL/FnL04.aspx?PermitNbr=18446&InspNbr=26,18446,26
2017-02-21,84,JERSEY MIKES SUBS,http://www.jcdh.org/EH/FnL/FnL04.aspx?PermitNbr=22044&InspNbr=6,22044,6
2017-02-21,82,COUNTRY INN & SUITES (BREAKFAST ROOM),http://www.jcdh.org/EH/FnL/FnL04.aspx?PermitNbr=16187&InspNbr=28,16187,28
2017-02-23,83,HOOD QWIK MART,http://www.jcdh.org/EH/FnL/FnL04.aspx?PermitNbr=22514&InspNbr=1,22514,1
2017-02-24,83,MCDONALDS,http://www.jcdh.org/EH/FnL/FnL04.aspx?PermitNbr=20824&InspNbr=20,20824,20
2017-02-27,81,Eurest Dining/ Regions Bank,http://www.jcdh.org/EH/FnL/FnL04.aspx?PermitNbr=11849&InspNbr=30,11849,30
2017-02-27,83,MI PUEBLO SUPERMARKET-DELI/BAKERY,http://www.jcdh.org/EH/FnL/FnL04.aspx?PermitNbr=20986&InspNbr=15,20986,15
2017-03-06,83,"MAKI FRESH, LLC",http://www.jcdh.org/EH/FnL/FnL04.aspx?PermitNbr=18014&InspNbr=70,18014,70
2017-03-01,74,D & W CONVENIENCE STORE,http://www.jcdh.org/EH/FnL/FnL04.aspx?PermitNbr=13282&InspNbr=46,13282,46
2017-03-09,77,MCDONALDS,http://www.jcdh.org/EH/FnL/FnL04.aspx?PermitNbr=19551&InspNbr=14,19551,14
2017-03-13,84,WENDYS,http://www.jcdh.org/EH/FnL/FnL04.aspx?PermitNbr=16307&InspNbr=41,16307,41
2017-03-14,80,ZOES KITCHEN,http://www.jcdh.org/EH/FnL/FnL04.aspx?PermitNbr=15803&InspNbr=47,15803,47
2017-03-13,78,TOP THAT GRILL - BOSTON FISH SUPREME,http://www.jcdh.org/EH/FnL/FnL04.aspx?PermitNbr=22507&InspNbr=3,22507,3
2017-03-14,78,LANEYS RESTAURANT,http://www.jcdh.org/EH/FnL/FnL04.aspx?PermitNbr=11832&InspNbr=51,11832,51
2017-03-17,83,PAPA MURPHYS TAKE N BAKE PIZZA,http://www.jcdh.org/EH/FnL/FnL04.aspx?PermitNbr=20294&InspNbr=8,20294,8
2017-03-27,84,SAMS SUPER SANDWICHES 2812 18TH ST S BIRMINGHAM 35209,https://webapps.jcdh.org/scores/ehfs/FSSDetails.aspx?PermitNbr=266&InspNbr=36,266,36
2017-03-27,83,MCDONALDS RESTAURANT 5170 MEDFORD DR HOOVER 35226,https://webapps.jcdh.org/scores/ehfs/FSSDetails.aspx?PermitNbr=20923&InspNbr=9,20923,9
2017-03-28,73,SOUTH PARK CONVENIENCE STORE 2 SOUTH PARK RD SW BIRMINGHAM 35211,https://webapps.jcdh.org/scores/ehfs/FSSDetails.aspx?PermitNbr=16494&InspNbr=11,16494,11
2017-04-03,84,BRIO TUSCAN GRILLE 591 BROOKWOOD VILLAGE LN BIRMINGHAM 35209,https://webapps.jcdh.org/scores/ehfs/FSSDetails.aspx?PermitNbr=11778&InspNbr=43,11778,43
2017-04-04,83,KRYSTAL 5975 SERVICE RD BIRMINGHAM 35235,https://webapps.jcdh.org/scores/ehfs/FSSDetails.aspx?PermitNbr=22169&InspNbr=5,22169,5
2017-04-12,83,JIM N NICKS 11th AVENUE GRILL 1908 11TH AVE S BIRMINGHAM 35205,https://webapps.jcdh.org/scores/ehfs/FSSDetails.aspx?PermitNbr=10476&InspNbr=42,10476,42
2017-04-17,83,ENSLEY FOODS 1432 20TH ST BIRMINGHAM 35218,https://webapps.jcdh.org/scores/ehfs/FSSDetails.aspx?PermitNbr=13160&InspNbr=49,13160,49
2017-04-18,81,JOHNNY ROCKETS 331 SUMMIT BLVD BIRMINGHAM 35243,https://webapps.jcdh.org/scores/ehfs/FSSDetails.aspx?PermitNbr=9432&InspNbr=47,9432,47
2017-04-19,83,LOGANS ROADHOUSE RESTAURANT 3387 LOWERY PKWY FULTONDALE 35068,https://webapps.jcdh.org/scores/ehfs/FSSDetails.aspx?PermitNbr=17628&InspNbr=40,17628,40
2017-04-21,84,ADAMSVILLE PARK FOOTBALL CONCESSION STAND 901 DOGWOOD RD ADAMSVILLE 35005,https://webapps.jcdh.org/scores/ehfs/FSSDetails.aspx?PermitNbr=18764&InspNbr=8,18764,8
2017-05-03,82,THE GREAT WALL CHINESE RESTAURANT 706 VALLEY AVE BIRMINGHAM 35209,https://webapps.jcdh.org/scores/ehfs/FSSDetails.aspx?PermitNbr=20798&InspNbr=25,20798,25
2017-05-01,84,PIZZA HUT #4208 3173 GREEN VALLEY RD VESTAVIA 35243,https://webapps.jcdh.org/scores/ehfs/FSSDetails.aspx?PermitNbr=22464&InspNbr=4,22464,4
2017-05-08,82,CIRCLE K #2723805 1816 CRESTWOOD BLVD IRONDALE 35210,https://webapps.jcdh.org/scores/ehfs/FSSDetails.aspx?PermitNbr=21728&InspNbr=11,21728,11
2017-05-10,82,RED LOBSTER #0046 1030 MONTGOMERY HIGHWAY VESTAVIA 35216,https://webapps.jcdh.org/scores/ehfs/FSSDetails.aspx?PermitNbr=21145&InspNbr=15,21145,15
2017-05-17,69,ROMANOS MACARONI GRILL 241 SUMMIT BLVD BIRMINGHAM 35243,https://webapps.jcdh.org/scores/ehfs/FSSDetails.aspx?PermitNbr=18162&InspNbr=38,18162,38
2017-05-23,79,BLACK PEARL 180 STATE FARM PKWY BIRMINGHAM 35209,https://webapps.jcdh.org/scores/ehfs/FSSDetails.aspx?PermitNbr=21811&InspNbr=16,21811,16
2017-06-02,70,D & W CONVENIENCE STORE 3340 WILSON RD SW BIRMINGHAM 35221,https://webapps.jcdh.org/scores/ehfs/FSSDetails.aspx?PermitNbr=13282&InspNbr=47,13282,47
2017-06-12,79,K & N FOODMART 345 6TH AVE SW BIRMINGHAM 35211,https://webapps.jcdh.org/scores/ehfs/FSSDetails.aspx?PermitNbr=21547&InspNbr=14,21547,14
2017-06-12,75,CHURCHS FRIED CHICKEN #1042 5410 BESSEMER HWY MIDFIELD 35228,https://webapps.jcdh.org/scores/ehfs/FSSDetails.aspx?PermitNbr=16058&InspNbr=43,16058,43
2017-06-16,76,DUNKIN DONUTS 2178 EASTERN VALLEY RD BESSEMER 35022,https://webapps.jcdh.org/scores/ehfs/FSSDetails.aspx?PermitNbr=20247&InspNbr=15,20247,15
2017-06-16,75,SONIC DRIVE IN 6625 AARON ARONOV DR FAIRFIELD 35064,https://webapps.jcdh.org/scores/ehfs/FSSDetails.aspx?PermitNbr=19691&InspNbr=20,19691,20
2017-06-19,84,WESTERN SUPERMARKET #6 - DELI 3350 MORGAN DR VESTAVIA 35216,https://webapps.jcdh.org/scores/ehfs/FSSDetails.aspx?PermitNbr=8033&InspNbr=45,8033,45
2017-06-20,77,EGG ROLL EXPRESS 100 BESSEMER HWY MIDFIELD 35228,https://webapps.jcdh.org/scores/ehfs/FSSDetails.aspx?PermitNbr=15057&InspNbr=45,15057,45
2017-06-14,82,CONTINENTAL BAKERY / CHEZ LULU 1909 CAHABA RD BIRMINGHAM 35223,https://webapps.jcdh.org/scores/ehfs/FSSDetails.aspx?PermitNbr=1762&InspNbr=49,1762,49
2017-06-16,76,CURTIS FRIED CHICKEN 1371 BESSEMER RD BIRMINGHAM 35208,https://webapps.jcdh.org/scores/ehfs/FSSDetails.aspx?PermitNbr=18961&InspNbr=15,18961,15
2017-06-20,68,RIB-IT-UP 830 1ST AVE N BIRMINGHAM 35203,https://webapps.jcdh.org/scores/ehfs/FSSDetails.aspx?PermitNbr=6233&InspNbr=31,6233,31
2017-06-27,63,HONG KONG SEAFOOD & Crown Food Mart 1101 3RD AVE BIRMINGHAM 35204,https://webapps.jcdh.org/scores/ehfs/FSSDetails.aspx?PermitNbr=17815&InspNbr=54,17815,54
2017-07-18,77,Great Food Mart 8415 Parkway DR SE LEEDS 35094,https://webapps.jcdh.org/scores/ehfs/FSSDetails.aspx?PermitNbr=22210&InspNbr=6,22210,6
2017-07-19,84,JETS PIZZA 4730 CHASE CIR HOOVER 35244,https://webapps.jcdh.org/scores/ehfs/FSSDetails.aspx?PermitNbr=21306&InspNbr=12,21306,12
2017-07-24,75,JACKS #145 27 PARK RD PLEASANT GROVE 35127,https://webapps.jcdh.org/scores/ehfs/FSSDetails.aspx?PermitNbr=5286&InspNbr=49,5286,49
2017-08-01,78,4 SEASONS SPORTS BAR & GRILL 719 GRAYMONT AVE N BIRMINGHAM 35203,https://webapps.jcdh.org/scores/ehfs/FSSDetails.aspx?PermitNbr=21153&InspNbr=9,21153,9
2017-07-31,80,CROSSPLEX CONCESSION KITCHEN 2337 BESSEMER RD BIRMINGHAM 35208,https://webapps.jcdh.org/scores/ehfs/FSSDetails.aspx?PermitNbr=22228&InspNbr=5,22228,5
2017-08-01,82,TAQUERIA LA HERRADURA 348 FINLEY AVE BIRMINGHAM 35204,https://webapps.jcdh.org/scores/ehfs/FSSDetails.aspx?PermitNbr=22735&InspNbr=3,22735,3
2017-08-01,82,AVERYS CAFE 1901 6TH AVE N BIRMINGHAM 35203,https://webapps.jcdh.org/scores/ehfs/FSSDetails.aspx?PermitNbr=20571&InspNbr=21,20571,21
2017-08-02,82,BLACK MARKET BAR 3411 COLONNADE PKWY BIRMINGHAM 35243,https://webapps.jcdh.org/scores/ehfs/FSSDetails.aspx?PermitNbr=18111&InspNbr=42,18111,42
2017-08-03,80,CAPTAIN DS 2259 BESSEMER RD BIRMINGHAM 35208,https://webapps.jcdh.org/scores/ehfs/FSSDetails.aspx?PermitNbr=21058&InspNbr=15,21058,15
2017-08-03,79,MACHETES MEXICAN RESTAURANT 406 WEST VALLEY AVE HOMEWOOD 35209,https://webapps.jcdh.org/scores/ehfs/FSSDetails.aspx?PermitNbr=21470&InspNbr=9,21470,9
2017-08-04,84,SOUTHWEST SUPERMARKET 12 1ST AVE SW BIRMINGHAM 35211,https://webapps.jcdh.org/scores/ehfs/FSSDetails.aspx?PermitNbr=17858&InspNbr=26,17858,26
2017-08-29,76,THE WING CAFE 7521 PARKWAY DR LEEDS 35094,https://webapps.jcdh.org/scores/ehfs/FSSDetails.aspx?PermitNbr=20588&InspNbr=31,20588,31
2017-08-29,83,FORDS 1205 LAKE DR SE BESSEMER 35022,https://webapps.jcdh.org/scores/ehfs/FSSDetails.aspx?PermitNbr=20899&InspNbr=16,20899,16
2017-08-30,81,COSTAS MEDITERRANEAN CAFE 3443 LORNA RD HOOVER 35216,https://webapps.jcdh.org/scores/ehfs/FSSDetails.aspx?PermitNbr=10007&InspNbr=53,10007,53
2017-09-06,81,SOL AZTECA 1360 MONTGOMERY HWY VESTAVIA 35216,https://webapps.jcdh.org/scores/ehfs/FSSDetails.aspx?PermitNbr=13720&InspNbr=58,13720,58
2017-09-12,84,VALLEY FOOD AND FEED 2060 MONTEVALLO RD LEEDS 35094,https://webapps.jcdh.org/scores/ehfs/FSSDetails.aspx?PermitNbr=22421&InspNbr=4,22421,4
2017-09-15,69,HOLY FAMILY ELEMENTARY SCHOOL 1919 19TH ENSLEY ST BIRMINGHAM 35218,https://webapps.jcdh.org/scores/ehfs/FSSDetails.aspx?PermitNbr=15749&InspNbr=52,15749,52
2017-09-15,69,CHEF DAVID EASON CATERING @ HOLY FAMILY ELEM SCH 1919 ENSLEY 19TH ST BIRMINGHAM 35218,https://webapps.jcdh.org/scores/ehfs/FSSDetails.aspx?PermitNbr=20458&InspNbr=16,20458,16
2017-09-18,81,POLLO LUCAS 3305 LORNA RD HOOVER 35216,https://webapps.jcdh.org/scores/ehfs/FSSDetails.aspx?PermitNbr=19403&InspNbr=26,19403,26
2017-09-18,78,HONG KONG SEAFOOD & Crown Food Mart 1101 3RD AVE BIRMINGHAM 35204,https://webapps.jcdh.org/scores/ehfs/FSSDetails.aspx?PermitNbr=17815&InspNbr=59,17815,59
2017-09-19,69,STEAK N SHAKE 1817 MONTGOMERY HWY HOOVER 35244,https://webapps.jcdh.org/scores/ehfs/FSSDetails.aspx?PermitNbr=20751&InspNbr=34,20751,34
2017-09-18,78,TRIPLE M FOOD STORE 1546 F L SHUTTLESWORTH DR BIRMINGHAM 35234,https://webapps.jcdh.org/scores/ehfs/FSSDetails.aspx?PermitNbr=18937&InspNbr=40,18937,40
2017-09-18,84,GLEN OAKS ELEMENTARY SCHOOL 1301 HIGHLAND DR FAIRFIELD 35064,https://webapps.jcdh.org/scores/ehfs/FSSDetails.aspx?PermitNbr=15668&InspNbr=41,15668,41
2017-09-19,84,STEEL CITY BAR & GRILL 5000 RICHARD ARRINGTON JR. BLVD N BIRMINGHAM 35212,https://webapps.jcdh.org/scores/ehfs/FSSDetails.aspx?PermitNbr=20528&InspNbr=16,20528,16
2017-09-20,80,THE RIDGE EAT & DRINK 3325 ROCKY RIDGE PLZ VESTAVIA 35243,https://webapps.jcdh.org/scores/ehfs/FSSDetails.aspx?PermitNbr=19575&InspNbr=21,19575,21
2017-09-22,83,FAIRHAVEN RETIREMENT COMMUNITY 1424 MONTCLAIR RD BIRMINGHAM 35210,https://webapps.jcdh.org/scores/ehfs/FSSDetails.aspx?PermitNbr=9206&InspNbr=42,9206,42
2017-09-28,83,BLACKWELLS NEIGHBORHOOD PUB 3151 GREEN VALLEY RD VESTAVIA 35243,https://webapps.jcdh.org/scores/ehfs/FSSDetails.aspx?PermitNbr=18170&InspNbr=37,18170,37
2017-09-25,83,MT. PILGRIM CHRISTIAN ACADEMY 6746 GRASSELLI RD FAIRFIELD 35064,https://webapps.jcdh.org/scores/ehfs/FSSDetails.aspx?PermitNbr=17155&InspNbr=36,17155,36
2017-09-25,84,WHOLE FOODS MARKET - DELI 3100 CAHABA VILLAGE PLZ BIRMINGHAM 35243,https://webapps.jcdh.org/scores/ehfs/FSSDetails.aspx?PermitNbr=16801&InspNbr=61,16801,61
2017-10-05,77,PIZZA HUT #1050 437 GREEN SPRINGS HWY BIRMINGHAM 35209,https://webapps.jcdh.org/scores/ehfs/FSSDetails.aspx?PermitNbr=22454&InspNbr=5,22454,5
